repository,env_id,return,steps,failure,progress,alive,upright,move_to_target,action_l2,energy,joint_pos_limits
sejin5309/IsaacLab_Ant,0,31.354793374892324,960,False,21.853059713977085,8.000000000000187,1.4583333550642033,7.999861321350124,-0.10749572601186314,-4.13395207766443,-3.7150134147435887
sejin5309/IsaacLab_Ant,1,40.24816025933251,960,False,30.496093489726356,8.000000000000187,1.600000023841869,7.989870864153085,-0.09355228723931447,-4.596575487374011,-3.147675826384997
sejin5309/IsaacLab_Ant,2,37.87255433574319,960,False,28.21432266638923,8.000000000000187,1.600000023841869,7.992438956598627,-0.09999508273831448,-4.67879266406332,-3.155419524541749
sejin5309/IsaacLab_Ant,3,29.90616540471092,707,False,23.009960696597904,5.891666666666749,1.16500001735986,5.891666666666749,-0.07461769208202897,-3.7694418851751834,-2.2080688721170527
sejin5309/IsaacLab_Ant,4,30.930940388701856,821,False,22.813215947399534,6.8416666666667965,1.3466666867335726,6.823238523304586,-0.0833646944040083,-4.018554678815415,-2.791928031668066
sejin5309/IsaacLab_Ant,5,39.499263333156705,960,False,30.055728838096105,8.000000000000187,1.600000023841869,7.986745201051409,-0.10437725032073404,-4.993537214227641,-3.045296137997263
sejin5309/IsaacLab_Ant,6,41.21004233742133,960,False,31.22512997885543,8.000000000000187,1.600000023841869,7.999438454707646,-0.0923787814288517,-4.548413140218087,-2.9737340969732085
sejin5309/IsaacLab_Ant,7,35.47707690880634,960,False,25.796484154462807,8.000000000000187,1.56666669001183,7.978781580925153,-0.09354914956250761,-4.371097228784734,-3.4002091760669546
sejin5309/IsaacLab_Ant,8,35.210145097225904,960,False,25.907942448183896,8.000000000000187,1.5533333564798144,7.987792589763975,-0.09919187016033298,-4.553075950233808,-3.5866555474543325
sejin5309/IsaacLab_Ant,9,34.8629939557286,960,False,25.975585699888544,8.000000000000187,1.531666689490289,7.956582649549031,-0.10957637579000835,-5.023976577461386,-3.4672882794247277
sejin5309/IsaacLab_Ant,10,39.88786009605974,960,False,30.78092415512848,8.000000000000187,1.503333355734756,7.988676707446762,-0.10306823539455458,-4.989265626366245,-3.2927400784877414
sejin5309/IsaacLab_Ant,11,38.385111138923094,960,False,29.118163803964848,8.000000000000187,1.5850000236183515,7.9822648709020685,-0.10236766831027731,-4.81808097670049,-3.379868577886374
sejin5309/IsaacLab_Ant,12,37.30577722983435,960,False,28.113150777916108,8.000000000000187,1.4383333547661799,7.999269459645138,-0.10126524754814474,-4.692754602158677,-3.4509566081765386
sejin5309/IsaacLab_Ant,13,31.00060771498829,960,False,21.71718731125195,8.000000000000187,1.5400000229477988,7.950878829757524,-0.10207307250433002,-4.438449706579555,-3.666936134050292
sejin5309/IsaacLab_Ant,14,37.114196992246434,960,False,27.832421645522114,8.000000000000187,1.4916666888942423,7.987174212436059,-0.10048132953864608,-4.905329966583894,-3.191253991642346
sejin5309/IsaacLab_Ant,15,41.027434976771474,960,False,31.11673150261242,8.000000000000187,1.5516666897883125,7.998489330709168,-0.08853724342770868,-4.579191373009237,-2.971723506397872
sejin5309/IsaacLab_Ant,16,31.54305228253361,960,False,23.118880034051827,8.000000000000187,1.5166666892667715,7.986234251658293,-0.11768460954699557,-4.928122774814247,-4.0329217000554
sejin5309/IsaacLab_Ant,17,39.135122164618224,960,False,29.39381481117255,8.000000000000187,1.600000023841869,7.977948294580158,-0.09496016112643703,-4.664029222649217,-3.077651479793715
sejin5309/IsaacLab_Ant,18,38.02740787155926,960,False,28.537043958281537,8.000000000000187,1.600000023841869,7.995009597639423,-0.09812288846975804,-4.792117855806525,-3.214404929724216
sejin5309/IsaacLab_Ant,19,39.24165406450629,960,False,29.764713260531444,8.000000000000187,1.600000023841869,7.9997336973748485,-0.09940682005981213,-4.753975381702188,-3.269410493830214
sejin5309/IsaacLab_Ant,20,34.0024308655411,960,False,23.56933572472383,8.000000000000187,1.600000023841869,7.945797306299349,-0.08052447893229929,-3.4740824864420556,-3.558095311210495
sejin5309/IsaacLab_Ant,21,38.43182303663343,960,False,28.99863247411946,8.000000000000187,1.5550000231713164,7.99613254417994,-0.10120841412305406,-4.746270713823218,-3.270462612000604
sejin5309/IsaacLab_Ant,22,40.11186537682079,960,False,30.35045548888544,8.000000000000187,1.600000023841869,7.998124838868958,-0.09458615663079402,-4.66286524731356,-3.079263246866568
sejin5309/IsaacLab_Ant,23,36.865535056684166,960,False,27.403971107800807,8.000000000000187,1.565000023320328,8.000000000000187,-0.10230955612229693,-4.78012435437025,-3.221002113927658
sejin5309/IsaacLab_Ant,24,39.701351018156856,960,False,30.43997365583974,8.000000000000187,1.4533333549896974,8.000000000000187,-0.10115483499709314,-4.9462816104370475,-3.14451955111387
sejin5309/IsaacLab_Ant,25,30.35637723468244,960,False,21.459700312030805,8.000000000000187,1.435000021383176,7.995424703260446,-0.10613082364773908,-4.5264840061718195,-3.9011333974854407
sejin5309/IsaacLab_Ant,26,36.40917087113485,960,False,26.75201796491938,8.000000000000187,1.5716666900863359,8.000000000000187,-0.09771055689100948,-4.5222380421396,-3.294565203227101
sejin5309/IsaacLab_Ant,27,41.66077413363382,960,False,32.19290328000981,8.000000000000187,1.536666689564795,7.999063601096653,-0.0968139937552526,-4.795787959126755,-3.1752573067400007
sejin5309/IsaacLab_Ant,28,33.708874525735155,960,False,24.401692433282705,8.000000000000187,1.5916666903843593,7.967478136718444,-0.10349284581122158,-4.800995315487183,-3.3474749205304164
sejin5309/IsaacLab_Ant,29,37.236742335837334,960,False,27.978580463429275,8.000000000000187,1.600000023841869,7.998521014054801,-0.10569794823228833,-4.920952615654092,-3.3137085848798353
sejin5309/IsaacLab_Ant,30,37.61209147796035,960,False,27.755403380592625,8.000000000000187,1.536666689564795,7.96252789149697,-0.09135560344244982,-4.278828561608684,-3.2723222339215416
sejin5309/IsaacLab_Ant,31,35.767131426837295,960,False,26.87786431163547,8.000000000000187,1.4500000216066935,7.954120953381243,-0.1011008350923173,-4.9667533721076325,-3.446999478829091
sejin5309/IsaacLab_Ant,32,38.43385151750408,960,False,29.157356503605822,8.000000000000187,1.5466666897138066,8.000000000000187,-0.10451070905764925,-4.857391276195023,-3.308269583418347
sejin5309/IsaacLab_Ant,33,41.455653249053285,960,False,32.30449185222382,8.000000000000187,1.563333356628826,7.994398266573925,-0.10445179727903461,-5.037698739045302,-3.264419472698743
sejin5309/IsaacLab_Ant,34,37.31105334858876,960,False,28.201887734731038,8.000000000000187,1.3100000195205297,7.991313496728906,-0.09752698174900916,-4.8983660143256795,-3.1962548933612784
sejin5309/IsaacLab_Ant,35,36.69204013142735,960,False,27.0531247723848,8.000000000000187,1.600000023841869,7.99936618953962,-0.10046990723543173,-4.665752235256756,-3.1942288772125416
sejin5309/IsaacLab_Ant,36,31.751281990204006,960,False,21.684570140453637,8.000000000000187,1.5466666897138066,7.9845333745084055,-0.08815594025169661,-3.8410689569660508,-3.5352636525950714
sejin5309/IsaacLab_Ant,37,42.09116616426036,960,False,32.829426777611204,8.000000000000187,1.5766666901608417,8.000000000000187,-0.10261641390510096,-5.069818037383575,-3.142492433086348
sejin5309/IsaacLab_Ant,38,37.84765190677717,960,False,28.491145541767274,8.000000000000187,1.5750000234693398,7.9944386760395565,-0.10121895548630468,-4.8623901937312075,-3.2493232241754177
sejin5309/IsaacLab_Ant,39,40.117800929932855,960,False,30.63626271734634,8.000000000000187,1.5600000232458222,8.000000000000187,-0.09770513606915004,-4.795583113473068,-3.1851735032939694
sejin5309/IsaacLab_Ant,40,40.294526326237246,960,False,30.32838516347111,8.000000000000187,1.5600000232458222,7.999348562459334,-0.09070016445475634,-4.423383586764488,-3.0791235704595876
sejin5309/IsaacLab_Ant,41,39.936865186318755,960,False,30.579622050126392,8.000000000000187,1.5800000235438456,7.999557972451238,-0.10156282161721412,-4.94211677674515,-3.1786351004382585
sejin5309/IsaacLab_Ant,42,38.21485058311373,960,False,28.36634093771376,8.000000000000187,1.600000023841869,7.999067255854794,-0.09215391217342896,-4.429789157786106,-3.2286143851602307
sejin5309/IsaacLab_Ant,43,34.3651322608348,960,False,25.008593504130847,8.000000000000187,1.3283333531270511,7.979870450993534,-0.09209556319353089,-4.368637072062128,-3.490932508806387
sejin5309/IsaacLab_Ant,44,37.08222759864293,960,False,27.583918978522195,8.000000000000187,1.5233333560327793,7.9992202093205735,-0.10095494409154823,-4.65311482680651,-3.270175170650088
sejin5309/IsaacLab_Ant,45,38.658580608898774,960,False,29.08124968595807,8.000000000000187,1.5933333570758612,7.994066435098828,-0.1000220113191364,-4.782560149719938,-3.1274866413053437
sejin5309/IsaacLab_Ant,46,36.70187729084864,960,False,27.69016904334229,8.000000000000187,1.470000021904717,8.000000000000187,-0.10051288874989633,-4.717336317889077,-3.6404425944356884
sejin5309/IsaacLab_Ant,47,36.76335323089734,960,False,27.465559652447673,8.000000000000187,1.598333357150367,8.000000000000187,-0.10040732406923768,-4.678829927261306,-3.5213026611755307
sejin5309/IsaacLab_Ant,48,40.64885220513679,960,False,31.22265596290427,8.000000000000187,1.5916666903843593,7.999010188381062,-0.10082167303456413,-4.878413947656122,-3.185244661526906
sejin5309/IsaacLab_Ant,49,39.831311693415046,960,False,30.91282524261623,8.000000000000187,1.4933333555857442,7.999904558559446,-0.1029598360236075,-4.952696311613545,-3.519095237770433
sejin5309/IsaacLab_Ant,50,37.02687948103994,960,False,27.568554475903515,8.000000000000187,1.398333354170133,7.9616372888288565,-0.09234416722744458,-4.424515073296305,-3.384786391956738
sejin5309/IsaacLab_Ant,51,31.938190842047334,960,False,22.70859352163971,8.000000000000187,1.4116666877021486,7.999711145460792,-0.10210019548345994,-4.504887499322649,-3.574793197028342
sejin5309/IsaacLab_Ant,52,42.02923167869449,960,False,32.0095049497982,8.000000000000187,1.5900000236928573,7.9980270266534745,-0.09140343232187075,-4.515288618936516,-2.9616079865333984
sejin5309/IsaacLab_Ant,53,39.200335120549425,960,False,30.011197609702762,8.000000000000187,1.5166666892667715,7.999668680131621,-0.10198491471674055,-4.985636148594015,-3.2395766865772515
sejin5309/IsaacLab_Ant,54,38.163632650859654,960,False,28.738866909407097,8.000000000000187,1.4800000220537286,7.995245186488019,-0.09920042613302936,-4.774133581435312,-3.1771453971353694
sejin5309/IsaacLab_Ant,55,43.004675227217376,960,False,33.38183568126207,8.000000000000187,1.5966666904588651,7.993897875150225,-0.0984174254643828,-4.8579458728975915,-3.011361572255069
sejin5309/IsaacLab_Ant,56,33.633642526576295,960,False,24.438346094638128,8.000000000000187,1.468333355213215,7.996069889764175,-0.10247408018925251,-4.777001742913852,-3.3896311518348115
sejin5309/IsaacLab_Ant,57,39.55333754082676,960,False,30.00514293902865,8.000000000000187,1.5933333570758612,8.000000000000187,-0.09950837892138226,-4.609266915979486,-3.336363351407153
sejin5309/IsaacLab_Ant,58,34.4152208105661,960,False,25.294726318803914,8.000000000000187,1.5800000235438456,7.996490614613079,-0.11021733918557089,-4.675875273183924,-3.6699036522768447
sejin5309/IsaacLab_Ant,59,38.890633936272934,960,False,29.357877330978717,8.000000000000187,1.5183333559582735,8.000000000000187,-0.09615469793983111,-4.713879027760907,-3.175543032974627
sejin5309/IsaacLab_Ant,60,40.45186350494623,960,False,31.123567415773845,8.000000000000187,1.5800000235438456,7.99777885675449,-0.0956487981311511,-4.87207023704735,-3.2817636360880003
sejin5309/IsaacLab_Ant,61,41.688695203047246,960,False,32.097330458834804,8.000000000000187,1.600000023841869,7.994133787354021,-0.09791737177595974,-4.759691230828561,-3.145160053759665
sejin5309/IsaacLab_Ant,62,39.31772330775857,960,False,29.624023203055067,8.000000000000187,1.5950000237673632,7.999768711130011,-0.09638330274028716,-4.805872328237941,-2.9988128479880647
sejin5309/IsaacLab_Ant,63,38.796207890380174,960,False,29.097200240691485,8.000000000000187,1.600000023841869,7.979645313322708,-0.09350894881936256,-4.626733834385715,-3.160394661492322
sejin5309/IsaacLab_Ant,64,38.9599878564477,960,False,29.324609113732933,8.000000000000187,1.600000023841869,7.984749722480939,-0.09798602986096146,-4.770744359912347,-3.080640274363877
sejin5309/IsaacLab_Ant,65,35.50468477618415,960,False,26.36243461072445,8.000000000000187,1.600000023841869,7.849159874518865,-0.1029055795025971,-4.847412345896017,-3.3565919170000935
sejin5309/IsaacLab_Ant,66,35.509597949218005,960,False,26.14576799919209,8.000000000000187,1.5066666891177598,7.964568522572674,-0.09392320198821837,-4.462218663697909,-3.5512635674638093
sejin5309/IsaacLab_Ant,67,39.356380288954824,960,False,29.57740858588367,8.000000000000187,1.600000023841869,7.997343542178659,-0.09295457730501461,-4.531934903267147,-3.1934822988308333
sejin5309/IsaacLab_Ant,68,33.71210323832929,960,False,23.939648248876143,8.000000000000187,1.5116666891922657,7.99918532967586,-0.09398241800427065,-4.12837625722556,-3.5160388706872845
sejin5309/IsaacLab_Ant,69,35.56009114580229,960,False,25.960286223826298,8.000000000000187,1.4383333547661799,7.977047753334198,-0.0904620733694174,-4.290640954820751,-3.4344732395373274
sejin5309/IsaacLab_Ant,70,38.61298235389404,960,False,28.578840889036673,8.000000000000187,1.433333354691674,7.9888388425113614,-0.08793864509267828,-4.18001700402237,-3.1200750903536942
sejin5309/IsaacLab_Ant,71,40.23002495104447,960,False,30.6277340958516,8.000000000000187,1.56666669001183,7.999965261419801,-0.09753519030540106,-4.6904243335360665,-3.1763813570917963
sejin5309/IsaacLab_Ant,72,35.50769167463295,960,False,25.9070309445883,8.000000000000187,1.5816666902353476,7.950932753582948,-0.09388612036758177,-4.307182485749949,-3.5308702789557493
sejin5309/IsaacLab_Ant,73,29.70163481286727,960,False,20.487695145669072,8.000000000000187,1.5500000230968105,7.993145878613168,-0.10370703839653278,-4.403638797765593,-3.8218609058841486
sejin5309/IsaacLab_Ant,74,40.856354479677975,960,False,31.391471088056754,8.000000000000187,1.56666669001183,7.992531330386979,-0.100428726467847,-4.84803241440095,-3.1458531733291855
sejin5309/IsaacLab_Ant,75,41.69714775402099,960,False,31.717708033074917,8.000000000000187,1.5733333567778378,7.999758471548745,-0.08933388324779415,-4.481001153433073,-3.023316726461059
sejin5309/IsaacLab_Ant,76,32.20146679878235,960,False,22.912825320661067,8.000000000000187,1.4500000216066935,7.989358313381852,-0.09751067037759645,-4.571615125083672,-3.481591429095708
sejin5309/IsaacLab_Ant,77,42.32423639297485,957,False,33.03899710476396,7.975000000000186,1.5950000237673632,7.971865722040521,-0.10280490808120989,-5.015054627150915,-3.138766669761391
sejin5309/IsaacLab_Ant,78,34.44428003532812,960,False,25.122981511987764,8.000000000000187,1.5066666891177598,7.99966211468,-0.09979908557312829,-4.476432217285044,-3.6087992399271265
sejin5309/IsaacLab_Ant,79,36.431909349747,960,False,27.633137739201395,8.000000000000187,1.433333354691674,7.984465941290234,-0.104312428462678,-5.085213689847536,-3.4295015447612953
sejin5309/IsaacLab_Ant,80,20.972774130874313,960,False,11.799218615827467,8.000000000000187,1.600000023841869,6.8270090172688,-0.0637220207878272,-2.3626364605268453,-4.827095330211656
sejin5309/IsaacLab_Ant,81,38.44702784344554,960,False,29.188085637241567,8.000000000000187,1.4583333550642033,7.9984843259058245,-0.09930095369539527,-4.849950090500835,-3.2486243232463816
sejin5309/IsaacLab_Ant,82,19.461768610053696,960,False,7.728515556827195,8.000000000000187,1.600000023841869,7.972269749641605,-0.06673047060515569,-1.5019280363805647,-4.270358883806809
sejin5309/IsaacLab_Ant,83,33.94529669696931,960,False,24.824478900122156,8.000000000000187,1.4550000216811994,7.961094619333903,-0.09879388302845958,-4.404438004698993,-3.7920452499063733
sejin5309/IsaacLab_Ant,84,35.4513664447004,960,False,26.694596098860103,8.000000000000187,1.43000002130867,7.992454192539234,-0.10781623796259132,-4.990404778035983,-3.5674629744763124
sejin5309/IsaacLab_Ant,85,38.91553838783875,960,False,29.567577853302197,8.000000000000187,1.600000023841869,7.964897005756863,-0.10322163221062525,-4.892406060150827,-3.221308602982516
sejin5309/IsaacLab_Ant,86,35.882741946261376,960,False,26.284179456221583,8.000000000000187,1.570000023394834,7.9680735747021325,-0.09256645641568556,-4.535862703070358,-3.3110821677061417
sejin5309/IsaacLab_Ant,87,38.8351352699101,960,False,29.565038752990432,8.000000000000187,1.4750000219792228,7.982501119872121,-0.1013333503333342,-4.745979077198229,-3.3400922222218177
sejin5309/IsaacLab_Ant,88,37.69297684216872,960,False,28.678124759780864,8.000000000000187,1.5500000230968105,7.995812379817348,-0.10535546438550221,-4.975197441379222,-3.450407266104597
sejin5309/IsaacLab_Ant,89,32.29050734802149,960,False,22.544335737451917,8.000000000000187,1.4266666879256662,7.992125493288218,-0.08968889733878307,-4.174014760134743,-3.4089172536119197
sejin5309/IsaacLab_Ant,90,35.37624871125445,960,False,26.16210914396997,8.000000000000187,1.470000021904717,7.996023812890235,-0.10127975725651296,-4.609232772207664,-3.541371857429235
sejin5309/IsaacLab_Ant,91,37.08649219106883,960,False,27.80299449364342,8.000000000000187,1.5800000235438456,7.996153072516311,-0.10470838762703352,-4.791729860279397,-3.3962172509714303
sejin5309/IsaacLab_Ant,92,32.287463890970685,960,False,22.8999997830639,8.000000000000187,1.4516666882981955,7.983569698035902,-0.10098227514463368,-4.329559893498662,-3.617230662362029
sejin5309/IsaacLab_Ant,93,34.416711186640896,960,False,25.772265415514493,8.000000000000187,1.398333354170133,7.933134284118997,-0.11663496086039234,-5.1187292018362145,-3.451657931941252
sejin5309/IsaacLab_Ant,94,42.69380327081308,960,False,32.769791342814784,8.000000000000187,1.600000023841869,7.998059688011987,-0.09083521089657258,-4.585548247909176,-2.9976639315097953
sejin5309/IsaacLab_Ant,95,37.39146772958338,960,False,28.434114308220614,8.000000000000187,1.4500000216066935,7.990812290211699,-0.10654242079969363,-4.880470306899715,-3.4964460390852814
sejin5309/IsaacLab_Ant,96,33.561284051975235,960,False,24.38808567530164,8.000000000000187,1.5150000225752696,7.919310961167146,-0.10357975893736397,-4.527915429942854,-3.629617761122065
sejin5309/IsaacLab_Ant,97,41.026420458219945,960,False,31.371028370534358,8.000000000000187,1.5950000237673632,7.999741652608104,-0.09474969582734051,-4.76550848465414,-3.0790911324011745
sejin5309/IsaacLab_Ant,98,40.90503764641471,960,False,31.309569994608573,8.000000000000187,1.5783333568523437,7.993896391987981,-0.09968646930246894,-4.8376701740237555,-3.039405341943107
sejin5309/IsaacLab_Ant,99,31.811091511510313,960,False,22.72343728492658,8.000000000000187,1.4266666879256662,7.962213387588825,-0.10249584430760783,-4.584988091102177,-3.6137422657106106
zxro-z/IsaacLab_RS_Assignment1,0,33.950222146115266,960,False,24.432877385740472,8.000000000000187,1.56666669001183,8.000000000000187,-0.10174181812229406,-4.278385381489828,-3.6691947566190115
zxro-z/IsaacLab_RS_Assignment1,1,15.642678608186543,513,True,10.826953029694655,4.266666666666668,0.7416666777183647,4.275000000000002,-0.05448498987000983,-2.365279472588253,-2.047843426652254
zxro-z/IsaacLab_RS_Assignment1,2,12.891330520855263,505,True,8.432031180274977,4.199999999999998,0.6366666761537418,3.9771446399390618,-0.05173648620790723,-2.0000425563601314,-2.3027330634494643
zxro-z/IsaacLab_RS_Assignment1,3,8.91379949520342,312,True,6.138020768575369,2.59166666666666,0.3933333391944571,2.5981579353411925,-0.03766320600407199,-1.2786864583981998,-1.491029683873059
zxro-z/IsaacLab_RS_Assignment1,4,37.08424085134175,960,False,27.458788799121937,8.000000000000187,1.600000023841869,7.9994879017275435,-0.09738635812039623,-4.453327399362261,-3.423322203134498
zxro-z/IsaacLab_RS_Assignment1,5,8.300746265333146,247,True,5.962109280377623,2.0499999999999954,0.3233333381513752,2.016323418915269,-0.023766492335562363,-0.9230607505189252,-1.1041926568374036
zxro-z/IsaacLab_RS_Assignment1,6,32.471841673366725,960,False,23.226301869750014,8.000000000000187,1.533333356181791,7.8619920333227995,-0.09933243622169052,-4.385685695863024,-3.664767857819487
zxro-z/IsaacLab_RS_Assignment1,7,18.449970519868657,656,True,13.937955576740189,5.458333333333394,0.9283333471665831,4.404144352961663,-0.07550046791729986,-3.126552346020858,-3.0767435214171828
zxro-z/IsaacLab_RS_Assignment1,8,4.694814825314097,960,False,3.7501952699075147,8.000000000000187,1.4866666888197364,0.5801756083887628,-0.04993399985542071,-1.031744146005561,-8.040544633939852
zxro-z/IsaacLab_RS_Assignment1,9,32.65153881453443,888,True,24.081640451215204,7.391666666666824,1.330000019818553,7.33643434941781,-0.09624856682712557,-4.017364019103115,-3.374590178641181
zxro-z/IsaacLab_RS_Assignment1,10,23.633056374266744,848,True,15.825585801216471,7.058333333333474,1.2166666847964205,7.055473007261883,-0.0814189874271203,-3.437792476662432,-4.00379137836087
zxro-z/IsaacLab_RS_Assignment1,11,6.553562574787065,228,True,5.001041619479657,1.8916666666666624,0.26500000394880696,1.5140663395402922,-0.030293456157960467,-1.0207735454120366,-1.0671451358745498
zxro-z/IsaacLab_RS_Assignment1,12,0.38490783562883735,88,True,-0.042968745902180534,0.7249999999999999,0.013333333532015487,0.506192544599374,-0.013070690162324655,-0.10983260331947048,-0.6937459852546449
zxro-z/IsaacLab_RS_Assignment1,13,21.847053322242573,735,True,15.123567543302968,6.11666666666676,1.0450000155717196,5.918773567179914,-0.07481966138584534,-3.013398177169919,-3.2687370015929176
zxro-z/IsaacLab_RS_Assignment1,14,18.82901000569109,537,True,13.661523279175166,4.466666666666678,0.8050000119954388,4.473995619515589,-0.05728078417208354,-2.3817116935329983,-2.1391832574571428
zxro-z/IsaacLab_RS_Assignment1,15,31.556537061696872,960,False,22.363020665074412,8.000000000000187,1.5250000227242813,7.979530177017238,-0.10169680053829029,-4.388534592028006,-3.8207827740950373
zxro-z/IsaacLab_RS_Assignment1,16,27.77570444426965,960,False,18.428059711307284,8.000000000000187,1.500000022351752,7.921696777145209,-0.10053808686085779,-3.687222487513405,-4.286291759368025
zxro-z/IsaacLab_RS_Assignment1,17,27.644517454435118,960,False,18.380859226981805,8.000000000000187,1.535000022873293,7.9041259373229,-0.09131211621158095,-3.835771777642852,-4.248384274852779
zxro-z/IsaacLab_RS_Assignment1,18,16.25566067767795,529,True,11.610676993802192,4.400000000000008,0.7533333445588783,4.094413973224186,-0.0664463276763854,-2.42629067915259,-2.1100268566980978
zxro-z/IsaacLab_RS_Assignment1,19,31.622149455244653,889,True,23.310221134684983,7.400000000000158,1.3816666872551135,7.356005552411213,-0.1061119156501567,-4.527156421912757,-3.1924757129823256
zxro-z/IsaacLab_RS_Assignment1,20,-0.7821122473105788,158,True,-1.4449869691083825,1.3083333333333311,0.013333333532015487,0.7325111643255997,-0.016942317586896627,-0.17693206311475174,-1.1974286728849013
zxro-z/IsaacLab_RS_Assignment1,21,4.022266439395025,197,True,2.628385387361048,1.63333333333333,0.21000000312924325,1.2812033507536396,-0.022184817027300595,-0.7983360309619454,-0.9101348976294197
zxro-z/IsaacLab_RS_Assignment1,22,12.50950257643126,450,True,8.217643122499188,3.741666666666656,0.5800000086426755,3.6025895078976875,-0.05199855776833526,-1.2542631411032426,-2.326135249808433
zxro-z/IsaacLab_RS_Assignment1,23,7.69867951865308,261,True,5.294270807753008,2.1666666666666616,0.33833333837489277,2.15754154026508,-0.028832425160120072,-0.9206843885088646,-1.308616160973906
zxro-z/IsaacLab_RS_Assignment1,24,27.539860166900326,960,False,18.990364426374395,8.000000000000187,1.431666688000172,7.7473961224160375,-0.10824103250112492,-4.436015255452368,-4.085311103969184
zxro-z/IsaacLab_RS_Assignment1,25,31.731128041865304,960,False,22.422135217239397,8.000000000000187,1.5833333569268495,7.9942272464436055,-0.10247194520585859,-4.617302740574813,-3.5487933323718632
zxro-z/IsaacLab_RS_Assignment1,26,29.75117566739209,791,True,22.507421708852046,6.58333333333345,1.201666684572903,6.279826144773299,-0.08507893342539322,-3.7033275132766015,-3.0326656664372478
zxro-z/IsaacLab_RS_Assignment1,27,5.109633170301095,170,True,3.5493489339947706,1.4083333333333308,0.18000000268220864,1.325694925834734,-0.024324544276654095,-0.5422703451544902,-0.7871492793162662
zxro-z/IsaacLab_RS_Assignment1,28,28.00699388096109,889,True,19.506640425448616,7.400000000000158,1.3466666867335726,7.3853381509583675,-0.09804844650498133,-3.878000762329129,-3.655602607206675
zxro-z/IsaacLab_RS_Assignment1,29,25.983750559855253,701,True,19.1856117953857,5.833333333333413,1.100000016391284,5.822601383924545,-0.07039757403411699,-3.2713695723641014,-2.6160290145004814
zxro-z/IsaacLab_RS_Assignment1,30,31.47605195362121,960,False,22.274609217544416,8.000000000000187,1.568333356703332,7.990513412654571,-0.10138132575569503,-4.540864302903835,-3.71515870292981
zxro-z/IsaacLab_RS_Assignment1,31,21.88469771540258,960,False,13.989908712978162,8.000000000000187,1.4550000216811994,6.931118482180576,-0.078185553115327,-2.7452106929636426,-5.667933699085046
zxro-z/IsaacLab_RS_Assignment1,32,4.1092635279055685,180,True,3.7580728862434625,1.4916666666666638,0.09000000134110454,0.607899674509342,-0.03109430724725826,-0.45092406437809857,-1.3563574446986124
zxro-z/IsaacLab_RS_Assignment1,33,0.4487205664627254,80,True,-0.24843749999999998,0.6583333333333334,0.01666666691501936,0.6666666666666667,-0.006128661228770699,-0.0744832166819833,-0.5638967499136924
zxro-z/IsaacLab_RS_Assignment1,34,9.947643565014005,271,True,7.840104114885126,2.2499999999999947,0.37500000558793567,2.055845257954202,-0.03168183923504936,-1.2380346246063707,-1.3035894362876808
zxro-z/IsaacLab_RS_Assignment1,35,21.7115956612397,704,True,15.270312389234705,5.858333333333414,0.998333348209665,5.316421681095426,-0.06543107478501049,-2.8915969123869827,-2.774777512469643
zxro-z/IsaacLab_RS_Assignment1,36,9.850474371574819,960,False,4.6018228754401225,8.000000000000187,0.3366666716833908,6.817936077962326,-0.19659891911142063,-1.0397041803807965,-8.669648428757982
zxro-z/IsaacLab_RS_Assignment1,37,15.834865275304765,422,True,11.964127467572688,3.5083333333333235,0.6266666760047301,3.3069996052887207,-0.04594908932510102,-2.058542162548595,-1.4667706089715162
zxro-z/IsaacLab_RS_Assignment1,38,6.697514333296567,208,True,4.748697870969773,1.7249999999999963,0.2500000037252894,1.6924424553910864,-0.026167180037009526,-0.846772270541017,-0.84568673359851
zxro-z/IsaacLab_RS_Assignment1,39,30.932168943807483,960,False,21.507877415418616,8.000000000000187,1.5216666893412774,7.949338656664045,-0.09133616334959986,-3.9802020538054976,-3.975175760810091
zxro-z/IsaacLab_RS_Assignment1,40,19.477578978519887,580,True,14.083203026652338,4.8250000000000295,0.866666679581011,4.824714562296891,-0.06334413427587908,-2.6790005055333728,-2.379660766447587
zxro-z/IsaacLab_RS_Assignment1,41,33.638172728940845,952,True,24.697525827338257,7.925000000000184,1.4816666887452306,7.689168536003525,-0.09447050267917803,-4.419266122203654,-3.641451758208372
zxro-z/IsaacLab_RS_Assignment1,42,28.457329626893625,960,False,19.233593586459737,8.000000000000187,1.4433333548406857,7.982209632794248,-0.09637237806552244,-3.9263885217311314,-4.1790463335346395
zxro-z/IsaacLab_RS_Assignment1,43,35.310559147037566,960,False,25.429557066162396,8.000000000000187,1.5583333565543203,7.970764135817869,-0.08632457158419131,-4.227003005383693,-3.3347678461732952
zxro-z/IsaacLab_RS_Assignment1,44,36.362334029749036,960,False,26.936132590224346,8.000000000000187,1.5466666897138066,7.979985929032346,-0.09657706467957414,-4.667605167199501,-3.3362691406781497
zxro-z/IsaacLab_RS_Assignment1,45,18.392970237880945,608,True,13.254361858591441,5.058333333333374,0.8150000121444505,4.973654409746348,-0.06818467403209072,-2.8260163562081266,-2.814178701614345
zxro-z/IsaacLab_RS_Assignment1,46,35.526994694489986,960,False,26.401366926729704,8.000000000000187,1.5950000237673632,7.99904677669226,-0.1045496203880855,-4.677197967654014,-3.686671321272543
zxro-z/IsaacLab_RS_Assignment1,47,4.581269389949739,193,True,2.8867838279033706,1.5999999999999968,0.1833333360652125,1.6040194734930966,-0.026830597411875108,-0.609245104455233,-1.056791691062971
zxro-z/IsaacLab_RS_Assignment1,48,5.410322945564985,214,True,3.9013020637134734,1.7749999999999961,0.15166666892667596,1.5416483074426652,-0.0330729555170971,-0.5453966095267481,-1.380824656660359
zxro-z/IsaacLab_RS_Assignment1,49,32.62410601368174,835,True,24.41757793426512,6.950000000000135,1.3250000197440472,6.937328398724529,-0.0879554929153528,-3.85666439410998,-3.061180299326468
zxro-z/IsaacLab_RS_Assignment1,50,11.814336145762354,437,True,7.785807236532369,3.633333333333323,0.6483333429942555,3.6280873189369744,-0.042578697389520394,-1.726704941111771,-2.1119417633240443
zxro-z/IsaacLab_RS_Assignment1,51,34.72628717293264,960,False,25.366926898434738,8.000000000000187,1.600000023841869,7.936128131548726,-0.09572161655548075,-4.601203739367586,-3.4798425579754033
zxro-z/IsaacLab_RS_Assignment1,52,22.675860631396063,836,True,15.86009099657336,6.958333333333469,1.0866666828592684,6.13324993203867,-0.07815459501386304,-2.967790537748563,-4.3165355565647285
zxro-z/IsaacLab_RS_Assignment1,53,31.801222909009084,960,False,22.889843588446578,8.000000000000187,1.5083333558092618,7.870433622102087,-0.09931159181414846,-4.483798061241399,-3.8842781770819212
zxro-z/IsaacLab_RS_Assignment1,54,12.813512755790725,390,True,9.034505115697785,3.241666666666658,0.5683333418021619,3.247086722652109,-0.04277580685011342,-1.545938288765805,-1.6893651801316696
zxro-z/IsaacLab_RS_Assignment1,55,27.8975002594525,960,False,19.469205556002763,8.000000000000187,1.3550000201910823,7.472973717749228,-0.11517712133936574,-3.9399624689734356,-4.344539881247329
zxro-z/IsaacLab_RS_Assignment1,56,32.68220991990529,960,False,23.189778432808804,8.000000000000187,1.565000023320328,7.994440527757196,-0.08699804113263483,-4.144394926195185,-3.835616261822482
zxro-z/IsaacLab_RS_Assignment1,57,29.01321755372919,960,False,20.057942536597423,8.000000000000187,1.5283333561072852,7.255727962451206,-0.0942147047700322,-3.8201120453731447,-3.91446008452525
zxro-z/IsaacLab_RS_Assignment1,58,20.852075606118888,611,True,15.227213407183685,5.083333333333376,0.866666679581011,5.088332833349742,-0.07055085828978917,-2.93499577168259,-2.4079240546561773
zxro-z/IsaacLab_RS_Assignment1,59,28.02031532721594,960,False,18.915689912935076,8.000000000000187,1.3700000204146,7.984950167934282,-0.10008210348836054,-4.019846384359211,-4.130396676808599
zxro-z/IsaacLab_RS_Assignment1,60,15.415100638056174,394,True,11.389973865076902,3.274999999999991,0.5833333420256794,3.2833333333333243,-0.04123830998178162,-1.7074433121054122,-1.3678582991628603
zxro-z/IsaacLab_RS_Assignment1,61,34.206529509159736,960,False,25.184309685106044,8.000000000000187,1.600000023841869,7.899032280842636,-0.10336653465080116,-4.803463732932391,-3.5699821774303366
zxro-z/IsaacLab_RS_Assignment1,62,6.630379584617913,246,True,4.339648401985568,2.041666666666662,0.28833333762983426,2.0499999999999954,-0.029133699206795444,-0.9249797720229257,-1.1351554600521923
zxro-z/IsaacLab_RS_Assignment1,63,32.562070781132206,960,False,22.68854147245483,8.000000000000187,1.501666689043254,8.000000000000187,-0.09477349515776337,-4.007162920556345,-3.526201240993885
zxro-z/IsaacLab_RS_Assignment1,64,8.300910814432427,215,True,6.285937441388769,1.7833333333333294,0.25500000379979526,1.7915628547469737,-0.02137784767110135,-0.7935462231291853,-0.9999987555202087
zxro-z/IsaacLab_RS_Assignment1,65,29.92209307826124,960,False,20.73430969621987,8.000000000000187,1.3900000207126233,7.974920334418802,-0.1071176266865223,-3.8808780862833347,-4.1891416288136165
zxro-z/IsaacLab_RS_Assignment1,66,35.21737493714318,960,False,25.384114350999372,8.000000000000187,1.5533333564798144,7.9540615936122085,-0.09838193545268333,-3.9864149635541235,-3.5893374962732256
zxro-z/IsaacLab_RS_Assignment1,67,19.716060437029228,592,True,14.709635273367173,4.9250000000000345,0.8216666789104583,4.484538648322161,-0.06719357367073832,-2.7702326685811074,-2.387353845996163
zxro-z/IsaacLab_RS_Assignment1,68,17.900576252606697,545,True,13.05345039255917,4.533333333333348,0.8150000121444505,4.4602121889591295,-0.06809131003198365,-2.6145282459290087,-2.278800324560145
zxro-z/IsaacLab_RS_Assignment1,69,9.517327978741378,259,True,7.044921809683245,2.149999999999995,0.33833333837489277,2.146059433122472,-0.025321535567248553,-1.0618965032665677,-1.0747686306635535
zxro-z/IsaacLab_RS_Assignment1,70,0.15932127181440592,47,True,0.057031250124176355,0.3833333333333337,0.008333333457509678,0.18840107178936405,-0.014783256181787389,-0.08157768632906173,-0.3814167816191912
zxro-z/IsaacLab_RS_Assignment1,71,28.662256855750456,960,False,22.34687478591999,8.000000000000187,1.3700000204146,5.708973475684446,-0.11637068688505671,-3.956239035564555,-4.690981771082922
zxro-z/IsaacLab_RS_Assignment1,72,16.545259206322953,811,True,9.710025980820262,6.750000000000125,1.1450000170618366,5.912221523188145,-0.07281449840811557,-2.0960829048136147,-4.803091320612775
zxro-z/IsaacLab_RS_Assignment1,73,9.295274711796083,332,True,6.351562459021806,2.758333333333326,0.3566666719814142,2.7338970075050932,-0.046416883886558916,-1.1635745293024222,-1.695193511682253
zxro-z/IsaacLab_RS_Assignment1,74,-0.32682864600792527,175,True,0.7832031175494197,1.4499999999999973,0.05333333412806195,-0.9625962058392667,-0.014515961353511865,-0.15084168802325923,-1.485411213462552
zxro-z/IsaacLab_RS_Assignment1,75,-6.661801175097935,960,False,-0.387760414990286,8.000000000000187,1.5766666901608417,-5.052303717207782,-0.026644178368345293,-0.6706250092354225,-10.101134176676466
zxro-z/IsaacLab_RS_Assignment1,76,17.45834646502044,617,True,12.160416560185448,5.133333333333378,0.8433333458999837,4.457837044820197,-0.059451103266352806,-2.343551025458146,-2.733571801885653
zxro-z/IsaacLab_RS_Assignment1,77,6.047880211262964,201,True,4.353841100198529,1.6666666666666632,0.2283333367357644,1.6592739040652889,-0.02453539971271919,-0.9020413156443587,-0.9336582242200768
zxro-z/IsaacLab_RS_Assignment1,78,9.07192539726384,311,True,6.411914002336564,2.583333333333327,0.27833333748082256,2.5023469318946145,-0.04646395610410155,-0.9782732051428563,-1.6792652306457356
zxro-z/IsaacLab_RS_Assignment1,79,28.498167004203424,960,False,19.61653624866157,8.000000000000187,1.5250000227242813,7.9092495987814395,-0.09782612905352527,-4.00242615502502,-4.45236695148051
zxro-z/IsaacLab_RS_Assignment1,80,29.805442669196054,960,False,21.04531228591998,8.000000000000187,1.3516666868080784,7.905686250329187,-0.09858096861498786,-4.175730989264168,-4.222911096853198
zxro-z/IsaacLab_RS_Assignment1,81,36.186513963271864,960,False,27.191926813373943,8.000000000000187,1.5866666903098534,7.989175668855687,-0.10413797733187197,-4.791088228342899,-3.686028910366195
zxro-z/IsaacLab_RS_Assignment1,82,11.31501293508336,317,True,8.279752524817988,2.6333333333333266,0.4733333403865507,2.64166666666666,-0.04003014972355837,-1.538227228913457,-1.1348157128940037
zxro-z/IsaacLab_RS_Assignment1,83,1.3419984262436628,81,True,1.0615885342160862,0.6666666666666667,0.07333333442608518,0.5183951822497577,-0.01530861678450795,-0.5485240797512233,-0.4141526076942682
zxro-z/IsaacLab_RS_Assignment1,84,35.89833253924735,960,False,26.38385395184158,8.000000000000187,1.5800000235438456,7.93856705327846,-0.09359503602354395,-4.388551058217607,-3.5219424573006157
zxro-z/IsaacLab_RS_Assignment1,85,33.69931131997146,960,False,24.83990857886774,8.000000000000187,1.4716666885962189,7.657648937140447,-0.10375855458793616,-4.767098918289411,-3.3990555732045338
zxro-z/IsaacLab_RS_Assignment1,86,15.807253540260717,960,False,9.596484295527137,8.000000000000187,1.530000022798787,5.665793427079911,-0.06954096907647926,-1.7517093313702667,-7.163774364674457
zxro-z/IsaacLab_RS_Assignment1,87,36.57769294036552,960,False,27.073241933683562,8.000000000000187,1.600000023841869,7.973441395660421,-0.09662823710759767,-4.683674874606848,-3.2886872055629897
zxro-z/IsaacLab_RS_Assignment1,88,6.363574422430247,960,False,3.3863932022204013,8.000000000000187,1.5550000231713164,2.870385636885952,-0.044825334288664885,-0.7734497462554539,-8.629929607237369
zxro-z/IsaacLab_RS_Assignment1,89,11.4677404363174,405,True,8.819531178474433,3.3666666666666574,0.4950000073760761,2.3002833069457322,-0.03863376202449821,-1.8037647047623364,-1.6713422823386885
zxro-z/IsaacLab_RS_Assignment1,90,9.925664322450757,293,True,7.138606723149615,2.4333333333333274,0.4283333397159981,2.4293555364012667,-0.03018987183689508,-1.3222622058664764,-1.15151263474642
zxro-z/IsaacLab_RS_Assignment1,91,11.78959814098198,551,True,8.85839837683986,4.583333333333351,0.7883333450804193,2.9438153841920722,-0.060908387295906634,-2.585782681506436,-2.7375913953098157
zxro-z/IsaacLab_RS_Assignment1,92,4.591562183573842,113,True,3.597916599114736,0.9333333333333325,0.11666666840513552,0.9416666666666658,-0.020134111120326755,-0.5032373973789317,-0.4746496525903545
zxro-z/IsaacLab_RS_Assignment1,93,3.54227766697295,115,True,2.522330703337989,0.9499999999999991,0.1200000017881394,0.86579898322622,-0.014991560965427196,-0.4472202157601713,-0.4536403375367323
zxro-z/IsaacLab_RS_Assignment1,94,33.84471325587947,960,False,24.81276019066568,8.000000000000187,1.5783333568523437,7.958912613491388,-0.10435720750053099,-4.863613693429695,-3.5373223282396795
zxro-z/IsaacLab_RS_Assignment1,95,5.836292742751539,233,True,3.7045572766413306,1.933333333333329,0.21166666982074517,1.8643635516365347,-0.021662178232509172,-0.4836022668838269,-1.372363735238711
zxro-z/IsaacLab_RS_Assignment1,96,12.102950190659612,960,False,2.983398425330718,8.000000000000187,1.568333356703332,7.645483379562663,-0.046180299151455904,-0.61344030452504,-7.434644977624181
zxro-z/IsaacLab_RS_Assignment1,97,29.642590509494767,821,True,21.39674458776912,6.833333333333463,1.2533333520094634,6.832527832687022,-0.08441592476592619,-3.6535229758786376,-2.9354097507894035
zxro-z/IsaacLab_RS_Assignment1,98,31.578585549024865,960,False,22.592057113163186,8.000000000000187,1.5466666897138066,7.837623393908316,-0.10428321172924668,-4.379185785551094,-3.914292703002379
zxro-z/IsaacLab_RS_Assignment1,99,12.512342390371487,356,True,9.136588443256912,2.9583333333333255,0.5400000080466287,2.9377890045444093,-0.03701953819933503,-1.7265059146486847,-1.2968429960000025
dding222/ant_rl,0,42.170620802557096,960,False,32.05996056795116,8.000000000000187,1.600000023841869,7.996811957160814,-0.08987772790084526,-4.377982849953695,-3.018290815750759
dding222/ant_rl,1,41.8349547595717,960,False,32.258137733240915,8.000000000000187,1.598333357150367,7.949364523093061,-0.0928132381637018,-4.624825876850325,-3.2532416731662432
dding222/ant_rl,2,36.82455790322274,960,False,27.31406223525601,8.000000000000187,1.598333357150367,7.967278920114204,-0.09064508304363689,-4.302013426153772,-3.662458327626032
dding222/ant_rl,3,40.39824897563085,960,False,30.94557262087858,8.000000000000187,1.5200000226497754,7.999821357429214,-0.09929619352163474,-4.493164409148445,-3.4746843853654994
dding222/ant_rl,4,37.99501839792356,960,False,28.322851296079644,8.000000000000187,1.5883333570013554,7.997789328297159,-0.09410133299606951,-4.65152023302702,-3.1683341079391516
dding222/ant_rl,5,36.141104252892546,960,False,26.907096133629494,8.000000000000187,1.463333355138709,7.975807127853404,-0.09689226828037731,-4.452040380231726,-3.6561998266959663
dding222/ant_rl,6,0.2775329351425171,11,True,0.21354166269302371,0.08333333333333333,0.005000000074505806,0.09166666666666666,-0.0012490066350437702,-0.06269197197010119,-0.0520677580187718
dding222/ant_rl,7,40.93335820874199,960,False,31.24999971687791,8.000000000000187,1.600000023841869,7.977884285152123,-0.09669467036219424,-4.734461341487864,-3.063369678021027
dding222/ant_rl,8,10.035651294281706,291,True,7.547265540560082,2.4166666666666607,0.4483333400140215,2.3154097816906827,-0.03278700308267919,-1.387747657745301,-1.2714894269903505
dding222/ant_rl,9,38.21409230818972,960,False,28.962695030868062,8.000000000000187,1.500000022351752,7.988429499666081,-0.10631115138482239,-4.630376547474104,-3.50034450391928
dding222/ant_rl,10,41.580204064259306,960,False,32.04765588442483,8.000000000000187,1.600000023841869,7.985480339825328,-0.09604733051892247,-4.540865391485087,-3.416019201239882
dding222/ant_rl,11,38.212175191845745,960,False,28.292838288595267,8.000000000000187,1.600000023841869,7.941197642187427,-0.0891058070175252,-4.2975551344590155,-3.2351997635521332
dding222/ant_rl,12,33.94225292804185,960,False,24.819661246240113,8.000000000000187,1.5050000224262579,7.909407675266431,-0.10271300383004323,-4.400347204766398,-3.788756005497025
dding222/ant_rl,13,31.413713447167538,960,False,22.864973730159306,8.000000000000187,1.435000021383176,7.810864525785209,-0.11461529188867037,-4.621205387474034,-3.961304308966886
dding222/ant_rl,14,0.19487213715910912,18,True,0.07115885466337202,0.14166666666666666,0.008333333457509678,0.15,-0.0032210326443115876,-0.07010193661165735,-0.10296375503142673
dding222/ant_rl,15,38.78548530803528,960,False,29.707551824053112,8.000000000000187,1.5733333567778378,7.9705572490892616,-0.10171313880928212,-4.811080254137048,-3.5531634369554603
dding222/ant_rl,16,39.53478081803769,960,False,30.036327842747145,8.000000000000187,1.600000023841869,7.995810751120433,-0.09970153659572427,-4.712647206320741,-3.285008735395968
dding222/ant_rl,17,36.06152363482397,960,False,26.97213513261326,8.000000000000187,1.5883333570013554,7.9520241250596255,-0.10193347675740375,-4.629131058895528,-3.7199044469743994
dding222/ant_rl,18,0.9476494658738375,27,True,0.7550781210263571,0.21666666666666665,0.013333333532015487,0.22438017775615055,-0.005352916766423731,-0.09238205080231031,-0.16407389231026176
dding222/ant_rl,19,39.5727150212042,960,False,29.510872111966194,8.000000000000187,1.5966666904588651,7.973288170000097,-0.08788548233181535,-4.16599804143577,-3.2542282021914923
dding222/ant_rl,20,20.22983318741899,960,False,12.873828019698465,8.000000000000187,1.0933333496252762,7.802006646990883,-0.12594290792476404,-4.727258094194501,-4.686134151221871
dding222/ant_rl,21,33.901720938039944,960,False,24.91614559466641,8.000000000000187,1.4616666884472072,7.575605050971227,-0.09871262110815833,-4.466337747328605,-3.48664604507261
dding222/ant_rl,22,40.78705709101632,960,False,31.01647107793634,8.000000000000187,1.600000023841869,7.984256349504166,-0.09256466097091702,-4.651494277676105,-3.0696110017752947
dding222/ant_rl,23,24.1879961991217,666,True,17.86471336980662,5.541666666666732,0.9583333476136182,5.4684365108609665,-0.08757721556588267,-2.8195506175902376,-2.7380259919290726
dding222/ant_rl,24,0.2025661007501185,36,True,0.12460937506208816,0.29166666666666674,0.013333333532015487,0.1858087034119914,-0.015456439546930292,-0.10901658122117319,-0.28837896858652423
dding222/ant_rl,25,38.78193209692836,960,False,28.61249966422715,8.000000000000187,1.600000023841869,7.996845237414228,-0.08829498301759804,-4.328434837788038,-3.010682869857801
dding222/ant_rl,26,39.02057721023448,960,False,29.22825495929766,8.000000000000187,1.535000022873293,7.999894314507831,-0.09341323492820561,-4.281588809879033,-3.3675698378511427
dding222/ant_rl,27,38.58872322272509,960,False,28.80065070937077,8.000000000000187,1.600000023841869,7.991625998914417,-0.09175692754373198,-4.3804508460142335,-3.331345486875703
dding222/ant_rl,28,41.6954665875528,960,False,31.920963231722524,8.000000000000187,1.600000023841869,7.994293454786326,-0.0915575555200727,-4.678383816266436,-3.049848526204005
dding222/ant_rl,29,-1.6277257367037237,69,True,-1.4889973888794579,0.5666666666666671,0.018333333606521295,-0.026415627158712658,-0.012031074590049685,-0.11237242067970023,-0.572909125437339
dding222/ant_rl,30,0.1136159123852849,15,True,-0.019726562500000003,0.11666666666666665,0.0066666667660077415,0.12499999999999999,-0.0007094343619731566,-0.03722057100385427,-0.07706085865696272
dding222/ant_rl,31,41.69920072192326,960,False,32.09635384306312,8.000000000000187,1.600000023841869,7.995193482438903,-0.09251707170393893,-4.506849189841887,-3.3929801785542377
dding222/ant_rl,32,36.05287062609568,960,False,26.63059875511873,8.000000000000187,1.5716666900863359,7.925984371702041,-0.0977661515583653,-4.399073856901183,-3.5785391075070954
dding222/ant_rl,33,39.439513206481934,960,False,29.89270806356017,8.000000000000187,1.5883333570013554,7.997842600445135,-0.10246582304704725,-4.6407605088121855,-3.2961441658592525
dding222/ant_rl,34,39.43716934975237,960,False,29.6119788735484,8.000000000000187,1.568333356703332,7.999791181584386,-0.09323923139988143,-4.42566699459373,-3.224027671354516
dding222/ant_rl,35,22.97772844345309,548,True,17.232942553361255,4.55833333333335,0.8783333464215246,4.4961064769731305,-0.048433729998699465,-2.398411984966759,-1.7411411942914152
dding222/ant_rl,36,40.85814915562514,960,False,30.994465820367154,8.000000000000187,1.600000023841869,7.994361876448182,-0.09328031994446062,-4.675757792820999,-2.9616402701164257
dding222/ant_rl,37,40.41116586397402,960,False,30.450911202778407,8.000000000000187,1.5933333570758612,7.999724074701653,-0.09070961261410666,-4.4106798734903885,-3.1314131093483115
dding222/ant_rl,38,39.246883684187196,960,False,30.065950219333153,8.000000000000187,1.5733333567778378,7.993870225548929,-0.10258201594794339,-4.922198850475247,-3.361489136144524
dding222/ant_rl,39,41.710211308905855,960,False,31.896158539255463,8.000000000000187,1.600000023841869,7.998956095675815,-0.09280303555327306,-4.617606009938748,-3.0744939953864887
dding222/ant_rl,40,37.3727901969105,960,False,27.50403618030252,8.000000000000187,1.5250000227242813,7.974700806041728,-0.09568461821460622,-4.114421832715747,-3.4208399636670968
dding222/ant_rl,41,35.72746039042249,960,False,26.472786249717085,8.000000000000187,1.5183333559582735,7.979644403358482,-0.09805429514975307,-4.608049677207601,-3.5371998425883575
dding222/ant_rl,42,45.134082259144634,960,False,35.163541338592744,8.000000000000187,1.600000023841869,7.993453468382541,-0.09058144901525039,-4.45344568948883,-3.078885036986325
dding222/ant_rl,43,39.20127361291088,960,False,29.957747164368627,8.000000000000187,1.5966666904588651,7.998837341865091,-0.10094314959181551,-4.932285480102289,-3.318748592139069
dding222/ant_rl,44,40.26716652140021,960,False,30.294205460945737,8.000000000000187,1.600000023841869,7.9893169467649665,-0.09205358661711228,-4.316055886835476,-3.2082460182098
dding222/ant_rl,45,37.612646444817074,960,False,28.48313775993883,8.000000000000187,1.5383333562562969,7.856219201286771,-0.1125270907665254,-4.412801035912704,-3.739715869181485
dding222/ant_rl,46,28.15501810819842,960,False,19.882747216460604,8.000000000000187,1.4816666887452306,7.985571895043235,-0.1215174953382909,-5.044422552618195,-4.029028021823613
dding222/ant_rl,47,39.170234359335154,960,False,29.257682036856796,8.000000000000187,1.5816666902353476,7.997594722112202,-0.08983413064997892,-4.283291784650648,-3.293583082035182
dding222/ant_rl,48,38.56167347403243,960,False,28.967708073121806,8.000000000000187,1.5816666902353476,7.992752858499861,-0.09510834019723295,-4.448518248459251,-3.4368274254724414
dding222/ant_rl,49,10.67997510835994,269,True,7.99264315441251,2.233333333333328,0.40500000603497077,2.1548022216961975,-0.025675690812931865,-0.924095576328303,-1.1560322626183426
dding222/ant_rl,50,36.88027662388049,960,False,27.4282549340899,8.000000000000187,1.598333357150367,7.8864494880042,-0.09561559315770851,-4.533081995955823,-3.4040636584317903
dding222/ant_rl,51,-0.2794854585081339,23,True,-0.4850260416666667,0.18333333333333332,0.008333333457509678,0.19099299609661102,-0.0032476050468782584,-0.05699150248741109,-0.11687994798024497
dding222/ant_rl,52,1.244689284823835,70,True,0.9576822812358539,0.5750000000000004,0.04000000059604646,0.4343144059957316,-0.025230175039420526,-0.08278335120218493,-0.6542939582218725
dding222/ant_rl,53,35.49840948241763,827,True,27.302473688125616,6.883333333333465,1.3400000199675648,6.789178901678061,-0.07764602988439355,-3.866136325368044,-2.872793867772758
dding222/ant_rl,54,41.85721227992326,960,False,31.774869554241487,8.000000000000187,1.600000023841869,8.000000000000187,-0.0937371577335094,-4.322976610091669,-3.1009431343365628
dding222/ant_rl,55,41.83152861054987,960,False,32.183007486661246,8.000000000000187,1.600000023841869,7.986878703534778,-0.0952962337515299,-4.601671326536843,-3.2413896399550186
dding222/ant_rl,56,42.35827745019924,960,False,32.591991914312004,8.000000000000187,1.600000023841869,7.944165845215505,-0.09196777259882469,-4.608297604066314,-3.0776144845333646
dding222/ant_rl,57,43.848433965817094,960,False,33.900585607687624,8.000000000000187,1.600000023841869,7.999163610736715,-0.09216661034030647,-4.527453265543839,-3.0316948755634563
dding222/ant_rl,58,34.25423630978912,960,False,25.28756481260061,8.000000000000187,1.4500000216066935,7.907029225429047,-0.10461281347040012,-4.568986147195875,-3.7167591491403664
dding222/ant_rl,59,40.537299721036106,960,False,30.612890349825197,8.000000000000187,1.598333357150367,7.996843217313477,-0.09108193213493593,-4.519477560309077,-3.0602074274793245
dding222/ant_rl,60,36.988181294407696,960,False,27.960807032075998,8.000000000000187,1.5216666893412774,7.982670797904503,-0.10796816495203526,-4.721562378331629,-3.647432691099435
dding222/ant_rl,61,29.054237213218585,722,True,21.9526039722065,6.008333333333422,1.166666684051362,6.008322893083177,-0.076435014980719,-3.427423403870007,-2.577831193362364
dding222/ant_rl,62,37.9511193074286,960,False,28.185155997673686,8.000000000000187,1.600000023841869,8.000000000000187,-0.09248989483591354,-4.534330472086244,-3.2072160560327294
dding222/ant_rl,63,42.9413772393018,960,False,32.56386682987212,8.000000000000187,1.600000023841869,7.998226360480175,-0.08512523792305725,-4.317993753539235,-2.817596641865871
dding222/ant_rl,64,32.80507447558921,960,False,24.288736696975942,8.000000000000187,1.470000021904717,7.709694681813451,-0.11528959178685903,-4.788105025705105,-3.759962506312879
dding222/ant_rl,65,41.943472964689136,960,False,32.2843095290164,8.000000000000187,1.5900000236928573,8.000000000000187,-0.09998577733252509,-4.437688165321989,-3.3931624549285804
dding222/ant_rl,66,39.234828494954854,960,False,29.57532527633009,8.000000000000187,1.600000023841869,7.989965167145113,-0.09528018382115992,-4.545060168885785,-3.2901214521378304
dding222/ant_rl,67,40.164073518128134,960,False,31.05579400925585,8.000000000000187,1.500000022351752,7.981591766576144,-0.10955541638686558,-4.514119781478073,-3.749636971205479
dding222/ant_rl,68,38.71205419115722,960,False,29.163020576598697,8.000000000000187,1.600000023841869,7.996597089370279,-0.10013785420305792,-4.739275889801024,-3.20814948608167
dding222/ant_rl,69,41.77034955599811,960,False,31.8966142763694,8.000000000000187,1.600000023841869,7.996453110873879,-0.09497643728585287,-4.601520432861682,-3.026220608161141
dding222/ant_rl,70,40.74385187216103,960,False,30.776236699024828,8.000000000000187,1.600000023841869,7.985755078494724,-0.08877926510491913,-4.502857574319933,-3.0265027717920043
dding222/ant_rl,71,39.231716823764145,960,False,29.66497367024419,8.000000000000187,1.600000023841869,7.971036441624343,-0.10042549097391489,-4.467211713564276,-3.436655882901204
dding222/ant_rl,72,35.51365739153698,960,False,25.75696590890487,8.000000000000187,1.600000023841869,7.987331771354053,-0.09020839010881888,-4.391601317472909,-3.3488304420296715
dding222/ant_rl,73,32.2034390734043,960,False,24.477278414058173,8.000000000000187,1.5166666892667715,7.4419394272070685,-0.1273891809132087,-4.724027388560357,-4.381028940776983
dding222/ant_rl,74,41.84982397919521,960,False,31.78404924074811,8.000000000000187,1.600000023841869,7.966217322151033,-0.08839617323537813,-4.356690718221949,-3.055355185456574
dding222/ant_rl,75,35.49776587751694,960,False,25.90442680468163,8.000000000000187,1.5383333562562969,7.993151281774224,-0.09369704122752111,-4.242683600642098,-3.6017649091081725
dding222/ant_rl,76,9.765422809869051,266,True,7.022981698811056,2.208333333333328,0.38166667235394347,2.1406902819871867,-0.020975667874396694,-0.9936879003042123,-0.9735855931416159
dding222/ant_rl,77,39.026706269942224,960,False,29.52389292319613,8.000000000000187,1.5933333570758612,8.000000000000187,-0.11019291693228288,-4.588785632162276,-3.391541050064067
dding222/ant_rl,78,23.248616612283513,695,True,17.006184746387103,5.7833333333334105,1.0883333495507703,5.723198773432592,-0.08111204212060932,-3.479496138573934,-2.791825483677291
dding222/ant_rl,79,40.67232735641301,960,False,30.474023136496502,8.000000000000187,1.600000023841869,7.995251099765481,-0.08680301647327736,-4.182249242812397,-3.127894160477444
dding222/ant_rl,80,39.331404618918896,960,False,29.360286199673983,8.000000000000187,1.600000023841869,7.992358961204871,-0.092665547148863,-4.560174964119987,-2.968399979577714
dding222/ant_rl,81,-0.13360363780520856,22,True,-0.2768880183498064,0.175,0.0066666667660077415,0.1508974845210711,-0.006433183420449495,-0.08879189714789393,-0.09405467795828977
dding222/ant_rl,82,25.397561334539205,960,False,13.31946599967775,8.000000000000187,1.600000023841869,7.975430836280374,-0.11220410059904676,-2.865863291414765,-2.5192687970586043
dding222/ant_rl,83,35.74339251581114,960,False,26.591991975841438,8.000000000000187,1.4133333543936506,7.9835628514490224,-0.1114675347489537,-4.274863241880669,-3.859164973255241
dding222/ant_rl,84,22.303141614422202,499,True,17.359309726953484,4.149999999999996,0.7900000117719213,4.072619199349225,-0.04895940993422607,-2.3048018521706886,-1.7150258478087714
dding222/ant_rl,85,38.130585910053924,960,False,29.075455436917643,8.000000000000187,1.5883333570013554,7.997805474202023,-0.11242125996262396,-4.8500682779898225,-3.568518818138666
dding222/ant_rl,86,38.38896994350944,960,False,29.239127303908276,8.000000000000187,1.533333356181791,7.989583813150905,-0.10818961252213435,-4.721248882267775,-3.543635996004254
dding222/ant_rl,87,0.33857399970293045,23,True,0.15371093551317852,0.18333333333333332,0.013333333532015487,0.19166666666666665,-0.0027006510897384334,-0.05830439226701855,-0.14246525056660173
dding222/ant_rl,88,0.03640456637367606,28,True,-0.12584635366996125,0.22499999999999998,0.013333333532015487,0.2327602113286654,-0.006354420795105398,-0.12216274896636606,-0.18032545000314715
dding222/ant_rl,89,-0.1918370728380978,13,True,-0.2611979146798452,0.09999999999999999,0.005000000074505806,0.09660244286060334,-0.0023717221377107006,-0.08419906745354333,-0.04567079717914264
dding222/ant_rl,90,0.860622176900506,30,True,0.6832682251930238,0.24166666666666664,0.01166666684051355,0.2484682430823644,-0.007673402095679192,-0.1151135646815722,-0.20166068548957508
dding222/ant_rl,91,33.05792993679643,960,False,23.569010196874544,8.000000000000187,1.468333355213215,7.9683453748625075,-0.09906615633468999,-4.21657197755024,-3.6321211742392423
dding222/ant_rl,92,35.86462533986196,960,False,26.625715901516347,8.000000000000187,1.5383333562562969,7.919944267471796,-0.10460536263854005,-4.5568610226230994,-3.557902015792202
dding222/ant_rl,93,41.19651610450819,960,False,31.296093411371068,8.000000000000187,1.5600000232458222,7.999762620528725,-0.09174031456811152,-4.5179111910906355,-3.0496880187653
dding222/ant_rl,94,32.31107384979259,960,False,23.445833148062235,8.000000000000187,1.5183333559582735,7.984531703591532,-0.11769989291533424,-4.969022929815879,-3.5509019398440835
dding222/ant_rl,95,42.070914605865255,960,False,32.16497367322442,8.000000000000187,1.600000023841869,8.000000000000187,-0.09183781039949594,-4.455945522380839,-3.146275460844244
dding222/ant_rl,96,41.04324283241294,960,False,30.85572886653241,8.000000000000187,1.600000023841869,7.998811653256601,-0.0846969103367883,-4.143803414533616,-3.1827970293447545
dding222/ant_rl,97,13.791051868116483,462,True,10.269726495941493,3.8416666666666557,0.6000000089406989,3.3776704803729953,-0.0648258855572446,-2.083909536005619,-2.149276221388332
dding222/ant_rl,98,0.20880456594750285,18,True,0.08600260466337203,0.14166666666666666,0.0066666667660077415,0.14114892929792405,-0.004003068661162009,-0.08562811886270841,-0.0770491160452366
dding222/ant_rl,99,41.57158924196847,960,False,31.652343425651303,8.000000000000187,1.600000023841869,7.985127835472602,-0.08963666179079159,-4.364633533696175,-3.2116115640228027
